Date;Mask_Inside;Mask_Outside;Hard_Lockdown;Partial_lockdown;Partial Restrictions
01/01/2020;FALSE;FALSE;FALSE;FALSE;FALSE
02/01/2020;FALSE;FALSE;FALSE;FALSE;FALSE
03/01/2020;FALSE;FALSE;FALSE;FALSE;FALSE
04/01/2020;FALSE;FALSE;FALSE;FALSE;FALSE
05/01/2020;FALSE;FALSE;FALSE;FALSE;FALSE
06/01/2020;FALSE;FALSE;FALSE;FALSE;FALSE
07/01/2020;FALSE;FALSE;FALSE;FALSE;FALSE
08/01/2020;FALSE;FALSE;FALSE;FALSE;FALSE
09/01/2020;FALSE;FALSE;FALSE;FALSE;FALSE
10/01/2020;FALSE;FALSE;FALSE;FALSE;FALSE
11/01/2020;FALSE;FALSE;FALSE;FALSE;FALSE
12/01/2020;FALSE;FALSE;FALSE;FALSE;FALSE
13/01/2020;FALSE;FALSE;FALSE;FALSE;FALSE
14/01/2020;FALSE;FALSE;FALSE;FALSE;FALSE
15/01/2020;FALSE;FALSE;FALSE;FALSE;FALSE
16/01/2020;FALSE;FALSE;FALSE;FALSE;FALSE
17/01/2020;FALSE;FALSE;FALSE;FALSE;FALSE
18/01/2020;FALSE;FALSE;FALSE;FALSE;FALSE
19/01/2020;FALSE;FALSE;FALSE;FALSE;FALSE
20/01/2020;FALSE;FALSE;FALSE;FALSE;FALSE
21/01/2020;FALSE;FALSE;FALSE;FALSE;FALSE
22/01/2020;FALSE;FALSE;FALSE;FALSE;FALSE
23/01/2020;FALSE;FALSE;FALSE;FALSE;FALSE
24/01/2020;FALSE;FALSE;FALSE;FALSE;FALSE
25/01/2020;FALSE;FALSE;FALSE;FALSE;FALSE
26/01/2020;FALSE;FALSE;FALSE;FALSE;FALSE
27/01/2020;FALSE;FALSE;FALSE;FALSE;FALSE
28/01/2020;FALSE;FALSE;FALSE;FALSE;FALSE
29/01/2020;FALSE;FALSE;FALSE;FALSE;FALSE
30/01/2020;FALSE;FALSE;FALSE;FALSE;FALSE
31/01/2020;FALSE;FALSE;FALSE;FALSE;FALSE
01/02/2020;FALSE;FALSE;FALSE;FALSE;FALSE
02/02/2020;FALSE;FALSE;FALSE;FALSE;FALSE
03/02/2020;FALSE;FALSE;FALSE;FALSE;FALSE
04/02/2020;FALSE;FALSE;FALSE;FALSE;FALSE
05/02/2020;FALSE;FALSE;FALSE;FALSE;FALSE
06/02/2020;FALSE;FALSE;FALSE;FALSE;FALSE
07/02/2020;FALSE;FALSE;FALSE;FALSE;FALSE
08/02/2020;FALSE;FALSE;FALSE;FALSE;FALSE
09/02/2020;FALSE;FALSE;FALSE;FALSE;FALSE
10/02/2020;FALSE;FALSE;FALSE;FALSE;FALSE
11/02/2020;FALSE;FALSE;FALSE;FALSE;FALSE
12/02/2020;FALSE;FALSE;FALSE;FALSE;FALSE
13/02/2020;FALSE;FALSE;FALSE;FALSE;FALSE
14/02/2020;FALSE;FALSE;FALSE;FALSE;FALSE
15/02/2020;FALSE;FALSE;FALSE;FALSE;FALSE
16/02/2020;FALSE;FALSE;FALSE;FALSE;FALSE
17/02/2020;FALSE;FALSE;FALSE;FALSE;FALSE
18/02/2020;FALSE;FALSE;FALSE;FALSE;FALSE
19/02/2020;FALSE;FALSE;FALSE;FALSE;FALSE
20/02/2020;FALSE;FALSE;FALSE;FALSE;FALSE
21/02/2020;FALSE;FALSE;FALSE;FALSE;FALSE
22/02/2020;FALSE;FALSE;FALSE;FALSE;FALSE
23/02/2020;FALSE;FALSE;FALSE;FALSE;FALSE
24/02/2020;FALSE;FALSE;FALSE;FALSE;FALSE
25/02/2020;FALSE;FALSE;FALSE;FALSE;FALSE
26/02/2020;FALSE;FALSE;FALSE;FALSE;FALSE
27/02/2020;FALSE;FALSE;FALSE;FALSE;FALSE
28/02/2020;FALSE;FALSE;FALSE;FALSE;FALSE
29/02/2020;FALSE;FALSE;FALSE;FALSE;FALSE
01/03/2020;FALSE;FALSE;FALSE;FALSE;FALSE
02/03/2020;FALSE;FALSE;FALSE;FALSE;FALSE
03/03/2020;FALSE;FALSE;FALSE;FALSE;FALSE
04/03/2020;FALSE;FALSE;FALSE;FALSE;FALSE
05/03/2020;FALSE;FALSE;FALSE;FALSE;FALSE
06/03/2020;FALSE;FALSE;FALSE;FALSE;FALSE
07/03/2020;FALSE;FALSE;FALSE;FALSE;FALSE
08/03/2020;FALSE;FALSE;FALSE;FALSE;FALSE
09/03/2020;FALSE;FALSE;FALSE;FALSE;FALSE
10/03/2020;FALSE;FALSE;FALSE;FALSE;TRUE
11/03/2020;FALSE;FALSE;FALSE;FALSE;TRUE
12/03/2020;FALSE;FALSE;FALSE;FALSE;TRUE
13/03/2020;FALSE;FALSE;FALSE;FALSE;TRUE
14/03/2020;FALSE;FALSE;TRUE;FALSE;FALSE
15/03/2020;FALSE;FALSE;TRUE;FALSE;FALSE
16/03/2020;FALSE;FALSE;TRUE;FALSE;FALSE
17/03/2020;FALSE;FALSE;TRUE;FALSE;FALSE
18/03/2020;FALSE;FALSE;TRUE;FALSE;FALSE
19/03/2020;FALSE;FALSE;TRUE;FALSE;FALSE
20/03/2020;FALSE;FALSE;TRUE;FALSE;FALSE
21/03/2020;FALSE;FALSE;TRUE;FALSE;FALSE
22/03/2020;FALSE;FALSE;TRUE;FALSE;FALSE
23/03/2020;FALSE;FALSE;TRUE;FALSE;FALSE
24/03/2020;FALSE;FALSE;TRUE;FALSE;FALSE
25/03/2020;FALSE;FALSE;TRUE;FALSE;FALSE
26/03/2020;FALSE;FALSE;TRUE;FALSE;FALSE
27/03/2020;FALSE;FALSE;TRUE;FALSE;FALSE
28/03/2020;FALSE;FALSE;TRUE;FALSE;FALSE
29/03/2020;FALSE;FALSE;TRUE;FALSE;FALSE
30/03/2020;FALSE;FALSE;TRUE;FALSE;FALSE
31/03/2020;FALSE;FALSE;TRUE;FALSE;FALSE
01/04/2020;FALSE;FALSE;TRUE;FALSE;FALSE
02/04/2020;FALSE;FALSE;TRUE;FALSE;FALSE
03/04/2020;FALSE;FALSE;TRUE;FALSE;FALSE
04/04/2020;FALSE;FALSE;TRUE;FALSE;FALSE
05/04/2020;FALSE;FALSE;TRUE;FALSE;FALSE
06/04/2020;FALSE;FALSE;TRUE;FALSE;FALSE
07/04/2020;FALSE;FALSE;TRUE;FALSE;FALSE
08/04/2020;FALSE;FALSE;TRUE;FALSE;FALSE
09/04/2020;FALSE;FALSE;TRUE;FALSE;FALSE
10/04/2020;FALSE;FALSE;TRUE;FALSE;FALSE
11/04/2020;FALSE;FALSE;TRUE;FALSE;FALSE
12/04/2020;FALSE;FALSE;TRUE;FALSE;FALSE
13/04/2020;FALSE;FALSE;TRUE;FALSE;FALSE
14/04/2020;FALSE;FALSE;TRUE;FALSE;FALSE
15/04/2020;FALSE;FALSE;TRUE;FALSE;FALSE
16/04/2020;FALSE;FALSE;TRUE;FALSE;FALSE
17/04/2020;FALSE;FALSE;TRUE;FALSE;FALSE
18/04/2020;FALSE;FALSE;TRUE;FALSE;FALSE
19/04/2020;FALSE;FALSE;TRUE;FALSE;FALSE
20/04/2020;FALSE;FALSE;TRUE;FALSE;FALSE
21/04/2020;FALSE;FALSE;TRUE;FALSE;FALSE
22/04/2020;FALSE;FALSE;TRUE;FALSE;FALSE
23/04/2020;FALSE;FALSE;TRUE;FALSE;FALSE
24/04/2020;FALSE;FALSE;TRUE;FALSE;FALSE
25/04/2020;FALSE;FALSE;TRUE;FALSE;FALSE
26/04/2020;FALSE;FALSE;FALSE;TRUE;FALSE
27/04/2020;FALSE;FALSE;FALSE;TRUE;FALSE
28/04/2020;FALSE;FALSE;FALSE;TRUE;FALSE
29/04/2020;FALSE;FALSE;FALSE;TRUE;FALSE
30/04/2020;FALSE;FALSE;FALSE;TRUE;FALSE
01/05/2020;FALSE;FALSE;FALSE;TRUE;FALSE
02/05/2020;FALSE;FALSE;FALSE;TRUE;FALSE
03/05/2020;FALSE;FALSE;FALSE;TRUE;FALSE
04/05/2020;FALSE;FALSE;FALSE;TRUE;FALSE
05/05/2020;FALSE;FALSE;FALSE;TRUE;FALSE
06/05/2020;FALSE;FALSE;FALSE;TRUE;FALSE
07/05/2020;FALSE;FALSE;FALSE;TRUE;FALSE
08/05/2020;FALSE;FALSE;FALSE;TRUE;FALSE
09/05/2020;FALSE;FALSE;FALSE;TRUE;FALSE
10/05/2020;FALSE;FALSE;FALSE;TRUE;FALSE
11/05/2020;FALSE;FALSE;FALSE;TRUE;FALSE
12/05/2020;FALSE;FALSE;FALSE;TRUE;FALSE
13/05/2020;FALSE;FALSE;FALSE;TRUE;FALSE
14/05/2020;FALSE;FALSE;FALSE;TRUE;FALSE
15/05/2020;FALSE;FALSE;FALSE;TRUE;FALSE
16/05/2020;FALSE;FALSE;FALSE;TRUE;FALSE
17/05/2020;FALSE;FALSE;FALSE;TRUE;FALSE
18/05/2020;FALSE;FALSE;FALSE;TRUE;FALSE
19/05/2020;FALSE;FALSE;FALSE;TRUE;FALSE
20/05/2020;TRUE;TRUE;FALSE;TRUE;FALSE
21/05/2020;TRUE;TRUE;FALSE;TRUE;FALSE
22/05/2020;TRUE;TRUE;FALSE;TRUE;FALSE
23/05/2020;TRUE;TRUE;FALSE;TRUE;FALSE
24/05/2020;TRUE;TRUE;FALSE;TRUE;FALSE
25/05/2020;TRUE;TRUE;FALSE;TRUE;FALSE
26/05/2020;TRUE;TRUE;FALSE;TRUE;FALSE
27/05/2020;TRUE;TRUE;FALSE;TRUE;FALSE
28/05/2020;TRUE;TRUE;FALSE;TRUE;FALSE
29/05/2020;TRUE;TRUE;FALSE;TRUE;FALSE
30/05/2020;TRUE;TRUE;FALSE;TRUE;FALSE
31/05/2020;TRUE;TRUE;FALSE;TRUE;FALSE
01/06/2020;TRUE;TRUE;FALSE;TRUE;FALSE
02/06/2020;TRUE;TRUE;FALSE;TRUE;FALSE
03/06/2020;TRUE;TRUE;FALSE;TRUE;FALSE
04/06/2020;TRUE;TRUE;FALSE;TRUE;FALSE
05/06/2020;TRUE;TRUE;FALSE;TRUE;FALSE
06/06/2020;TRUE;TRUE;FALSE;TRUE;FALSE
07/06/2020;TRUE;TRUE;FALSE;TRUE;FALSE
08/06/2020;TRUE;TRUE;FALSE;TRUE;FALSE
09/06/2020;TRUE;TRUE;FALSE;TRUE;FALSE
10/06/2020;TRUE;TRUE;FALSE;TRUE;FALSE
11/06/2020;TRUE;TRUE;FALSE;TRUE;FALSE
12/06/2020;TRUE;TRUE;FALSE;TRUE;FALSE
13/06/2020;TRUE;TRUE;FALSE;TRUE;FALSE
14/06/2020;TRUE;TRUE;FALSE;TRUE;FALSE
15/06/2020;TRUE;TRUE;FALSE;TRUE;FALSE
16/06/2020;TRUE;TRUE;FALSE;TRUE;FALSE
17/06/2020;TRUE;TRUE;FALSE;TRUE;FALSE
18/06/2020;TRUE;TRUE;FALSE;TRUE;FALSE
19/06/2020;TRUE;TRUE;FALSE;TRUE;FALSE
20/06/2020;TRUE;TRUE;FALSE;TRUE;FALSE
21/06/2020;TRUE;FALSE;FALSE;FALSE;TRUE
22/06/2020;TRUE;FALSE;FALSE;FALSE;TRUE
23/06/2020;TRUE;FALSE;FALSE;FALSE;TRUE
24/06/2020;TRUE;FALSE;FALSE;FALSE;TRUE
25/06/2020;TRUE;FALSE;FALSE;FALSE;TRUE
26/06/2020;TRUE;FALSE;FALSE;FALSE;TRUE
27/06/2020;TRUE;FALSE;FALSE;FALSE;TRUE
28/06/2020;TRUE;FALSE;FALSE;FALSE;TRUE
29/06/2020;TRUE;FALSE;FALSE;FALSE;TRUE
30/06/2020;TRUE;FALSE;FALSE;FALSE;TRUE
01/07/2020;TRUE;FALSE;FALSE;FALSE;TRUE
02/07/2020;TRUE;FALSE;FALSE;FALSE;TRUE
03/07/2020;TRUE;FALSE;FALSE;FALSE;TRUE
04/07/2020;TRUE;FALSE;FALSE;FALSE;TRUE
05/07/2020;TRUE;FALSE;FALSE;FALSE;TRUE
06/07/2020;TRUE;FALSE;FALSE;FALSE;TRUE
07/07/2020;TRUE;FALSE;FALSE;FALSE;TRUE
08/07/2020;TRUE;FALSE;FALSE;FALSE;TRUE
09/07/2020;TRUE;FALSE;FALSE;FALSE;TRUE
10/07/2020;TRUE;FALSE;FALSE;FALSE;TRUE
11/07/2020;TRUE;FALSE;FALSE;FALSE;TRUE
12/07/2020;TRUE;FALSE;FALSE;FALSE;TRUE
13/07/2020;TRUE;FALSE;FALSE;FALSE;TRUE
14/07/2020;TRUE;FALSE;FALSE;FALSE;TRUE
15/07/2020;TRUE;FALSE;FALSE;FALSE;TRUE
16/07/2020;TRUE;FALSE;FALSE;FALSE;TRUE
17/07/2020;TRUE;FALSE;FALSE;FALSE;TRUE
18/07/2020;TRUE;FALSE;FALSE;FALSE;TRUE
19/07/2020;TRUE;FALSE;FALSE;FALSE;TRUE
20/07/2020;TRUE;FALSE;FALSE;FALSE;TRUE
21/07/2020;TRUE;FALSE;FALSE;FALSE;TRUE
22/07/2020;TRUE;FALSE;FALSE;FALSE;TRUE
23/07/2020;TRUE;FALSE;FALSE;FALSE;TRUE
24/07/2020;TRUE;FALSE;FALSE;FALSE;TRUE
25/07/2020;TRUE;FALSE;FALSE;FALSE;TRUE
26/07/2020;TRUE;FALSE;FALSE;FALSE;TRUE
27/07/2020;TRUE;FALSE;FALSE;FALSE;TRUE
28/07/2020;TRUE;FALSE;FALSE;FALSE;TRUE
29/07/2020;TRUE;FALSE;FALSE;FALSE;TRUE
30/07/2020;TRUE;FALSE;FALSE;FALSE;TRUE
31/07/2020;TRUE;FALSE;FALSE;FALSE;TRUE
01/08/2020;TRUE;FALSE;FALSE;FALSE;TRUE
02/08/2020;TRUE;FALSE;FALSE;FALSE;TRUE
03/08/2020;TRUE;FALSE;FALSE;FALSE;TRUE
04/08/2020;TRUE;FALSE;FALSE;FALSE;TRUE
05/08/2020;TRUE;FALSE;FALSE;FALSE;TRUE
06/08/2020;TRUE;FALSE;FALSE;FALSE;TRUE
07/08/2020;TRUE;FALSE;FALSE;FALSE;TRUE
08/08/2020;TRUE;FALSE;FALSE;FALSE;TRUE
09/08/2020;TRUE;FALSE;FALSE;FALSE;TRUE
10/08/2020;TRUE;FALSE;FALSE;FALSE;TRUE
11/08/2020;TRUE;FALSE;FALSE;FALSE;TRUE
12/08/2020;TRUE;FALSE;FALSE;FALSE;TRUE
13/08/2020;TRUE;FALSE;FALSE;FALSE;TRUE
14/08/2020;TRUE;FALSE;FALSE;FALSE;TRUE
15/08/2020;TRUE;TRUE;FALSE;FALSE;TRUE
16/08/2020;TRUE;TRUE;FALSE;FALSE;TRUE
17/08/2020;TRUE;TRUE;FALSE;FALSE;TRUE
18/08/2020;TRUE;TRUE;FALSE;FALSE;TRUE
19/08/2020;TRUE;TRUE;FALSE;FALSE;TRUE
20/08/2020;TRUE;TRUE;FALSE;FALSE;TRUE
21/08/2020;TRUE;TRUE;FALSE;FALSE;TRUE
22/08/2020;TRUE;TRUE;FALSE;FALSE;TRUE
23/08/2020;TRUE;TRUE;FALSE;FALSE;TRUE
24/08/2020;TRUE;TRUE;FALSE;FALSE;TRUE
25/08/2020;TRUE;TRUE;FALSE;FALSE;TRUE
26/08/2020;TRUE;TRUE;FALSE;FALSE;TRUE
27/08/2020;TRUE;TRUE;FALSE;FALSE;TRUE
28/08/2020;TRUE;TRUE;FALSE;FALSE;TRUE
29/08/2020;TRUE;TRUE;FALSE;FALSE;TRUE
30/08/2020;TRUE;TRUE;FALSE;FALSE;TRUE
31/08/2020;TRUE;TRUE;FALSE;FALSE;TRUE
01/09/2020;TRUE;TRUE;FALSE;FALSE;TRUE
02/09/2020;TRUE;TRUE;FALSE;FALSE;TRUE
03/09/2020;TRUE;TRUE;FALSE;FALSE;TRUE
04/09/2020;TRUE;TRUE;FALSE;FALSE;TRUE
05/09/2020;TRUE;TRUE;FALSE;FALSE;TRUE
06/09/2020;TRUE;TRUE;FALSE;FALSE;TRUE
07/09/2020;TRUE;TRUE;FALSE;FALSE;TRUE
08/09/2020;TRUE;TRUE;FALSE;FALSE;TRUE
09/09/2020;TRUE;TRUE;FALSE;FALSE;TRUE
10/09/2020;TRUE;TRUE;FALSE;FALSE;TRUE
11/09/2020;TRUE;TRUE;FALSE;FALSE;TRUE
12/09/2020;TRUE;TRUE;FALSE;FALSE;TRUE
13/09/2020;TRUE;TRUE;FALSE;FALSE;TRUE
14/09/2020;TRUE;TRUE;FALSE;FALSE;TRUE
15/09/2020;TRUE;TRUE;FALSE;FALSE;TRUE
16/09/2020;TRUE;TRUE;FALSE;FALSE;TRUE
17/09/2020;TRUE;TRUE;FALSE;FALSE;TRUE
18/09/2020;TRUE;TRUE;FALSE;FALSE;TRUE
19/09/2020;TRUE;TRUE;FALSE;FALSE;TRUE
20/09/2020;TRUE;TRUE;FALSE;FALSE;TRUE
21/09/2020;TRUE;TRUE;FALSE;FALSE;TRUE
22/09/2020;TRUE;TRUE;FALSE;FALSE;TRUE
23/09/2020;TRUE;TRUE;FALSE;FALSE;TRUE
24/09/2020;TRUE;TRUE;FALSE;FALSE;TRUE
25/09/2020;TRUE;TRUE;FALSE;FALSE;TRUE
26/09/2020;TRUE;TRUE;FALSE;FALSE;TRUE
27/09/2020;TRUE;TRUE;FALSE;FALSE;TRUE
28/09/2020;TRUE;TRUE;FALSE;FALSE;TRUE
29/09/2020;TRUE;TRUE;FALSE;FALSE;TRUE
30/09/2020;TRUE;TRUE;FALSE;FALSE;TRUE
01/10/2020;TRUE;TRUE;FALSE;FALSE;TRUE
02/10/2020;TRUE;TRUE;FALSE;FALSE;TRUE
03/10/2020;TRUE;TRUE;FALSE;FALSE;TRUE
04/10/2020;TRUE;TRUE;FALSE;FALSE;TRUE
05/10/2020;TRUE;TRUE;FALSE;FALSE;TRUE
06/10/2020;TRUE;TRUE;FALSE;FALSE;TRUE
07/10/2020;TRUE;TRUE;FALSE;FALSE;TRUE
08/10/2020;TRUE;TRUE;FALSE;FALSE;TRUE
09/10/2020;TRUE;TRUE;FALSE;FALSE;TRUE
10/10/2020;TRUE;TRUE;FALSE;FALSE;TRUE
11/10/2020;TRUE;TRUE;FALSE;FALSE;TRUE
12/10/2020;TRUE;TRUE;FALSE;FALSE;TRUE
13/10/2020;TRUE;TRUE;FALSE;FALSE;TRUE
14/10/2020;TRUE;TRUE;FALSE;FALSE;TRUE
15/10/2020;TRUE;TRUE;FALSE;FALSE;TRUE
16/10/2020;TRUE;TRUE;FALSE;FALSE;TRUE
17/10/2020;TRUE;TRUE;FALSE;FALSE;TRUE
18/10/2020;TRUE;TRUE;FALSE;FALSE;TRUE
19/10/2020;TRUE;TRUE;FALSE;FALSE;TRUE
20/10/2020;TRUE;TRUE;FALSE;FALSE;TRUE
21/10/2020;TRUE;TRUE;FALSE;FALSE;TRUE
22/10/2020;TRUE;TRUE;FALSE;FALSE;TRUE
23/10/2020;TRUE;TRUE;FALSE;FALSE;TRUE
24/10/2020;TRUE;TRUE;FALSE;FALSE;TRUE
25/10/2020;TRUE;TRUE;FALSE;FALSE;TRUE
26/10/2020;TRUE;TRUE;FALSE;FALSE;TRUE
27/10/2020;TRUE;TRUE;FALSE;FALSE;TRUE
28/10/2020;TRUE;TRUE;FALSE;FALSE;TRUE
29/10/2020;TRUE;TRUE;FALSE;FALSE;TRUE
30/10/2020;TRUE;TRUE;FALSE;FALSE;TRUE
31/10/2020;TRUE;TRUE;FALSE;FALSE;TRUE
01/11/2020;TRUE;TRUE;FALSE;FALSE;TRUE
02/11/2020;TRUE;TRUE;FALSE;FALSE;TRUE
03/11/2020;TRUE;TRUE;FALSE;FALSE;TRUE
04/11/2020;TRUE;TRUE;FALSE;FALSE;TRUE
05/11/2020;TRUE;TRUE;FALSE;FALSE;TRUE
06/11/2020;TRUE;TRUE;FALSE;FALSE;TRUE
07/11/2020;TRUE;TRUE;FALSE;FALSE;TRUE
08/11/2020;TRUE;TRUE;FALSE;FALSE;TRUE
09/11/2020;TRUE;TRUE;FALSE;FALSE;TRUE
10/11/2020;TRUE;TRUE;FALSE;FALSE;TRUE
11/11/2020;TRUE;TRUE;FALSE;FALSE;TRUE
12/11/2020;TRUE;TRUE;FALSE;FALSE;TRUE
13/11/2020;TRUE;TRUE;FALSE;FALSE;TRUE
14/11/2020;TRUE;TRUE;FALSE;FALSE;TRUE
15/11/2020;TRUE;TRUE;FALSE;FALSE;TRUE
16/11/2020;TRUE;TRUE;FALSE;FALSE;TRUE
17/11/2020;TRUE;TRUE;FALSE;FALSE;TRUE
18/11/2020;TRUE;TRUE;FALSE;FALSE;TRUE
19/11/2020;TRUE;TRUE;FALSE;FALSE;TRUE
20/11/2020;TRUE;TRUE;FALSE;FALSE;TRUE
21/11/2020;TRUE;TRUE;FALSE;FALSE;TRUE
22/11/2020;TRUE;TRUE;FALSE;FALSE;TRUE
23/11/2020;TRUE;TRUE;FALSE;FALSE;TRUE
24/11/2020;TRUE;TRUE;FALSE;FALSE;TRUE
25/11/2020;TRUE;TRUE;FALSE;FALSE;TRUE
26/11/2020;TRUE;TRUE;FALSE;FALSE;TRUE
27/11/2020;TRUE;TRUE;FALSE;FALSE;TRUE
28/11/2020;TRUE;TRUE;FALSE;FALSE;TRUE
29/11/2020;TRUE;TRUE;FALSE;FALSE;TRUE
30/11/2020;TRUE;TRUE;FALSE;FALSE;TRUE
01/12/2020;TRUE;TRUE;FALSE;FALSE;TRUE
02/12/2020;TRUE;TRUE;FALSE;FALSE;TRUE
03/12/2020;TRUE;TRUE;FALSE;FALSE;TRUE
04/12/2020;TRUE;TRUE;FALSE;FALSE;TRUE
05/12/2020;TRUE;TRUE;FALSE;FALSE;TRUE
06/12/2020;TRUE;TRUE;FALSE;FALSE;TRUE
07/12/2020;TRUE;TRUE;FALSE;FALSE;TRUE
08/12/2020;TRUE;TRUE;FALSE;FALSE;TRUE
09/12/2020;TRUE;TRUE;FALSE;FALSE;TRUE
10/12/2020;TRUE;TRUE;FALSE;FALSE;TRUE
11/12/2020;TRUE;TRUE;FALSE;FALSE;TRUE
12/12/2020;TRUE;TRUE;FALSE;FALSE;TRUE
13/12/2020;TRUE;TRUE;FALSE;FALSE;TRUE
14/12/2020;TRUE;TRUE;FALSE;FALSE;TRUE
15/12/2020;TRUE;TRUE;FALSE;FALSE;TRUE
16/12/2020;TRUE;TRUE;FALSE;FALSE;TRUE
17/12/2020;TRUE;TRUE;FALSE;FALSE;TRUE
18/12/2020;TRUE;TRUE;FALSE;FALSE;TRUE
19/12/2020;TRUE;TRUE;FALSE;FALSE;TRUE
20/12/2020;TRUE;TRUE;FALSE;FALSE;TRUE
21/12/2020;TRUE;TRUE;FALSE;FALSE;TRUE
22/12/2020;TRUE;TRUE;FALSE;FALSE;TRUE
23/12/2020;TRUE;TRUE;FALSE;FALSE;TRUE
24/12/2020;TRUE;TRUE;FALSE;FALSE;TRUE
25/12/2020;TRUE;TRUE;FALSE;FALSE;TRUE
26/12/2020;TRUE;TRUE;FALSE;FALSE;TRUE
27/12/2020;TRUE;TRUE;FALSE;FALSE;TRUE
28/12/2020;TRUE;TRUE;FALSE;FALSE;TRUE
29/12/2020;TRUE;TRUE;FALSE;FALSE;TRUE
30/12/2020;TRUE;TRUE;FALSE;FALSE;TRUE
31/12/2020;TRUE;TRUE;FALSE;FALSE;TRUE
01/01/2021;TRUE;TRUE;FALSE;FALSE;TRUE
02/01/2021;TRUE;TRUE;FALSE;FALSE;TRUE
03/01/2021;TRUE;TRUE;FALSE;FALSE;TRUE
04/01/2021;TRUE;TRUE;FALSE;FALSE;TRUE
05/01/2021;TRUE;TRUE;FALSE;FALSE;TRUE
06/01/2021;TRUE;TRUE;FALSE;FALSE;TRUE
07/01/2021;TRUE;TRUE;FALSE;FALSE;TRUE
08/01/2021;TRUE;TRUE;FALSE;FALSE;TRUE
09/01/2021;TRUE;TRUE;FALSE;FALSE;TRUE
10/01/2021;TRUE;TRUE;FALSE;FALSE;TRUE
11/01/2021;TRUE;TRUE;FALSE;FALSE;TRUE
12/01/2021;TRUE;TRUE;FALSE;FALSE;TRUE
13/01/2021;TRUE;TRUE;FALSE;FALSE;TRUE
14/01/2021;TRUE;TRUE;FALSE;FALSE;TRUE
15/01/2021;TRUE;TRUE;FALSE;FALSE;TRUE
16/01/2021;TRUE;TRUE;FALSE;FALSE;TRUE
17/01/2021;TRUE;TRUE;FALSE;FALSE;TRUE
18/01/2021;TRUE;TRUE;FALSE;FALSE;TRUE
19/01/2021;TRUE;TRUE;FALSE;FALSE;TRUE
20/01/2021;TRUE;TRUE;FALSE;FALSE;TRUE
21/01/2021;TRUE;TRUE;FALSE;FALSE;TRUE
22/01/2021;TRUE;TRUE;FALSE;FALSE;TRUE
23/01/2021;TRUE;TRUE;FALSE;FALSE;TRUE
24/01/2021;TRUE;TRUE;FALSE;FALSE;TRUE
25/01/2021;TRUE;TRUE;FALSE;FALSE;TRUE
26/01/2021;TRUE;TRUE;FALSE;FALSE;TRUE
27/01/2021;TRUE;TRUE;FALSE;FALSE;TRUE
28/01/2021;TRUE;TRUE;FALSE;FALSE;TRUE
29/01/2021;TRUE;TRUE;FALSE;FALSE;TRUE
30/01/2021;TRUE;TRUE;FALSE;FALSE;TRUE
31/01/2021;TRUE;TRUE;FALSE;FALSE;TRUE
01/02/2021;TRUE;TRUE;FALSE;FALSE;TRUE
02/02/2021;TRUE;TRUE;FALSE;FALSE;TRUE
03/02/2021;TRUE;TRUE;FALSE;FALSE;TRUE
04/02/2021;TRUE;TRUE;FALSE;FALSE;TRUE
05/02/2021;TRUE;TRUE;FALSE;FALSE;TRUE
06/02/2021;TRUE;TRUE;FALSE;FALSE;TRUE
07/02/2021;TRUE;TRUE;FALSE;FALSE;TRUE
08/02/2021;TRUE;TRUE;FALSE;FALSE;TRUE
09/02/2021;TRUE;TRUE;FALSE;FALSE;TRUE
10/02/2021;TRUE;TRUE;FALSE;FALSE;TRUE
11/02/2021;TRUE;TRUE;FALSE;FALSE;TRUE
12/02/2021;TRUE;TRUE;FALSE;FALSE;TRUE
13/02/2021;TRUE;TRUE;FALSE;FALSE;TRUE
14/02/2021;TRUE;TRUE;FALSE;FALSE;TRUE
15/02/2021;TRUE;TRUE;FALSE;FALSE;TRUE
16/02/2021;TRUE;TRUE;FALSE;FALSE;TRUE
17/02/2021;TRUE;TRUE;FALSE;FALSE;TRUE
18/02/2021;TRUE;TRUE;FALSE;FALSE;TRUE
19/02/2021;TRUE;TRUE;FALSE;FALSE;TRUE
20/02/2021;TRUE;TRUE;FALSE;FALSE;TRUE
21/02/2021;TRUE;TRUE;FALSE;FALSE;TRUE
22/02/2021;TRUE;TRUE;FALSE;FALSE;TRUE
23/02/2021;TRUE;TRUE;FALSE;FALSE;TRUE
24/02/2021;TRUE;TRUE;FALSE;FALSE;TRUE
25/02/2021;TRUE;TRUE;FALSE;FALSE;TRUE
26/02/2021;TRUE;TRUE;FALSE;FALSE;TRUE
27/02/2021;TRUE;TRUE;FALSE;FALSE;TRUE
28/02/2021;TRUE;TRUE;FALSE;FALSE;TRUE
01/03/2021;TRUE;TRUE;FALSE;FALSE;TRUE
02/03/2021;TRUE;TRUE;FALSE;FALSE;TRUE
03/03/2021;TRUE;TRUE;FALSE;FALSE;TRUE
04/03/2021;TRUE;TRUE;FALSE;FALSE;TRUE
05/03/2021;TRUE;TRUE;FALSE;FALSE;TRUE
06/03/2021;TRUE;TRUE;FALSE;FALSE;TRUE
07/03/2021;TRUE;TRUE;FALSE;FALSE;TRUE
08/03/2021;TRUE;TRUE;FALSE;FALSE;TRUE
09/03/2021;TRUE;TRUE;FALSE;FALSE;TRUE
10/03/2021;TRUE;TRUE;FALSE;FALSE;TRUE
11/03/2021;TRUE;TRUE;FALSE;FALSE;TRUE
12/03/2021;TRUE;TRUE;FALSE;FALSE;TRUE
13/03/2021;TRUE;TRUE;FALSE;FALSE;TRUE
14/03/2021;TRUE;TRUE;FALSE;FALSE;TRUE
15/03/2021;TRUE;TRUE;FALSE;FALSE;TRUE
16/03/2021;TRUE;TRUE;FALSE;FALSE;TRUE
17/03/2021;TRUE;TRUE;FALSE;FALSE;TRUE
18/03/2021;TRUE;TRUE;FALSE;FALSE;TRUE
19/03/2021;TRUE;TRUE;FALSE;FALSE;TRUE
20/03/2021;TRUE;TRUE;FALSE;FALSE;TRUE
21/03/2021;TRUE;TRUE;FALSE;FALSE;TRUE
22/03/2021;TRUE;TRUE;FALSE;FALSE;TRUE
23/03/2021;TRUE;TRUE;FALSE;FALSE;TRUE
24/03/2021;TRUE;TRUE;FALSE;FALSE;TRUE
25/03/2021;TRUE;TRUE;FALSE;FALSE;TRUE
26/03/2021;TRUE;TRUE;FALSE;FALSE;TRUE
27/03/2021;TRUE;TRUE;FALSE;FALSE;TRUE
28/03/2021;TRUE;TRUE;FALSE;FALSE;TRUE
29/03/2021;TRUE;TRUE;FALSE;FALSE;TRUE
30/03/2021;TRUE;TRUE;FALSE;FALSE;TRUE
31/03/2021;TRUE;TRUE;FALSE;FALSE;TRUE
01/04/2021;TRUE;TRUE;FALSE;FALSE;TRUE
02/04/2021;TRUE;TRUE;FALSE;FALSE;TRUE
03/04/2021;TRUE;TRUE;FALSE;FALSE;TRUE
04/04/2021;TRUE;TRUE;FALSE;FALSE;TRUE
05/04/2021;TRUE;TRUE;FALSE;FALSE;TRUE
06/04/2021;TRUE;TRUE;FALSE;FALSE;TRUE
07/04/2021;TRUE;TRUE;FALSE;FALSE;TRUE
08/04/2021;TRUE;TRUE;FALSE;FALSE;TRUE
09/04/2021;TRUE;TRUE;FALSE;FALSE;TRUE
10/04/2021;TRUE;TRUE;FALSE;FALSE;TRUE
11/04/2021;TRUE;TRUE;FALSE;FALSE;TRUE
12/04/2021;TRUE;TRUE;FALSE;FALSE;TRUE
13/04/2021;TRUE;TRUE;FALSE;FALSE;TRUE
14/04/2021;TRUE;TRUE;FALSE;FALSE;TRUE
15/04/2021;TRUE;TRUE;FALSE;FALSE;TRUE
16/04/2021;TRUE;TRUE;FALSE;FALSE;TRUE
17/04/2021;TRUE;TRUE;FALSE;FALSE;TRUE
18/04/2021;TRUE;TRUE;FALSE;FALSE;TRUE
19/04/2021;TRUE;TRUE;FALSE;FALSE;TRUE
20/04/2021;TRUE;TRUE;FALSE;FALSE;TRUE
21/04/2021;TRUE;TRUE;FALSE;FALSE;TRUE
22/04/2021;TRUE;TRUE;FALSE;FALSE;TRUE
23/04/2021;TRUE;TRUE;FALSE;FALSE;TRUE
24/04/2021;TRUE;TRUE;FALSE;FALSE;TRUE
25/04/2021;TRUE;TRUE;FALSE;FALSE;TRUE
26/04/2021;TRUE;TRUE;FALSE;FALSE;TRUE
27/04/2021;TRUE;TRUE;FALSE;FALSE;TRUE
28/04/2021;TRUE;TRUE;FALSE;FALSE;TRUE
29/04/2021;TRUE;TRUE;FALSE;FALSE;TRUE
30/04/2021;TRUE;TRUE;FALSE;FALSE;TRUE
01/05/2021;TRUE;TRUE;FALSE;FALSE;TRUE
02/05/2021;TRUE;TRUE;FALSE;FALSE;TRUE
03/05/2021;TRUE;TRUE;FALSE;FALSE;TRUE
04/05/2021;TRUE;TRUE;FALSE;FALSE;TRUE
05/05/2021;TRUE;TRUE;FALSE;FALSE;TRUE
06/05/2021;TRUE;TRUE;FALSE;FALSE;TRUE
07/05/2021;TRUE;TRUE;FALSE;FALSE;TRUE
08/05/2021;TRUE;TRUE;FALSE;FALSE;TRUE
09/05/2021;TRUE;TRUE;FALSE;FALSE;TRUE
10/05/2021;TRUE;TRUE;FALSE;FALSE;TRUE
11/05/2021;TRUE;TRUE;FALSE;FALSE;TRUE
12/05/2021;TRUE;TRUE;FALSE;FALSE;TRUE
13/05/2021;TRUE;TRUE;FALSE;FALSE;TRUE
14/05/2021;TRUE;TRUE;FALSE;FALSE;TRUE
15/05/2021;TRUE;TRUE;FALSE;FALSE;TRUE
16/05/2021;TRUE;TRUE;FALSE;FALSE;TRUE
17/05/2021;TRUE;TRUE;FALSE;FALSE;TRUE
18/05/2021;TRUE;TRUE;FALSE;FALSE;TRUE
19/05/2021;TRUE;TRUE;FALSE;FALSE;TRUE
20/05/2021;TRUE;TRUE;FALSE;FALSE;TRUE
21/05/2021;TRUE;TRUE;FALSE;FALSE;TRUE
22/05/2021;TRUE;TRUE;FALSE;FALSE;TRUE
23/05/2021;TRUE;TRUE;FALSE;FALSE;TRUE
24/05/2021;TRUE;TRUE;FALSE;FALSE;TRUE
25/05/2021;TRUE;TRUE;FALSE;FALSE;TRUE
26/05/2021;TRUE;TRUE;FALSE;FALSE;TRUE
27/05/2021;TRUE;TRUE;FALSE;FALSE;TRUE
28/05/2021;TRUE;TRUE;FALSE;FALSE;TRUE
29/05/2021;TRUE;TRUE;FALSE;FALSE;TRUE
30/05/2021;TRUE;TRUE;FALSE;FALSE;TRUE
31/05/2021;TRUE;TRUE;FALSE;FALSE;TRUE
01/06/2021;TRUE;TRUE;FALSE;FALSE;TRUE
02/06/2021;TRUE;TRUE;FALSE;FALSE;TRUE
03/06/2021;TRUE;TRUE;FALSE;FALSE;TRUE
04/06/2021;TRUE;TRUE;FALSE;FALSE;TRUE
05/06/2021;TRUE;TRUE;FALSE;FALSE;TRUE
06/06/2021;TRUE;TRUE;FALSE;FALSE;TRUE
07/06/2021;TRUE;TRUE;FALSE;FALSE;TRUE
08/06/2021;TRUE;TRUE;FALSE;FALSE;TRUE
09/06/2021;TRUE;TRUE;FALSE;FALSE;TRUE
10/06/2021;TRUE;TRUE;FALSE;FALSE;TRUE
11/06/2021;TRUE;TRUE;FALSE;FALSE;TRUE
12/06/2021;TRUE;TRUE;FALSE;FALSE;TRUE
13/06/2021;TRUE;TRUE;FALSE;FALSE;TRUE
14/06/2021;TRUE;TRUE;FALSE;FALSE;TRUE
15/06/2021;TRUE;TRUE;FALSE;FALSE;TRUE
16/06/2021;TRUE;TRUE;FALSE;FALSE;TRUE
17/06/2021;TRUE;TRUE;FALSE;FALSE;TRUE
18/06/2021;TRUE;TRUE;FALSE;FALSE;TRUE
19/06/2021;TRUE;TRUE;FALSE;FALSE;TRUE
20/06/2021;TRUE;TRUE;FALSE;FALSE;TRUE
21/06/2021;TRUE;TRUE;FALSE;FALSE;TRUE
22/06/2021;TRUE;TRUE;FALSE;FALSE;TRUE
23/06/2021;TRUE;TRUE;FALSE;FALSE;TRUE
24/06/2021;TRUE;TRUE;FALSE;FALSE;TRUE
25/06/2021;TRUE;TRUE;FALSE;FALSE;TRUE
26/06/2021;TRUE;FALSE;FALSE;FALSE;TRUE
27/06/2021;TRUE;FALSE;FALSE;FALSE;TRUE
28/06/2021;TRUE;FALSE;FALSE;FALSE;TRUE
29/06/2021;TRUE;FALSE;FALSE;FALSE;TRUE
30/06/2021;TRUE;FALSE;FALSE;FALSE;TRUE
01/07/2021;TRUE;FALSE;FALSE;FALSE;TRUE
02/07/2021;TRUE;FALSE;FALSE;FALSE;TRUE
03/07/2021;TRUE;FALSE;FALSE;FALSE;TRUE
04/07/2021;TRUE;FALSE;FALSE;FALSE;TRUE
05/07/2021;TRUE;FALSE;FALSE;FALSE;TRUE
06/07/2021;TRUE;FALSE;FALSE;FALSE;TRUE
07/07/2021;TRUE;FALSE;FALSE;FALSE;TRUE
08/07/2021;TRUE;FALSE;FALSE;FALSE;TRUE
09/07/2021;TRUE;FALSE;FALSE;FALSE;TRUE
10/07/2021;TRUE;FALSE;FALSE;FALSE;TRUE
11/07/2021;TRUE;FALSE;FALSE;FALSE;TRUE
12/07/2021;TRUE;FALSE;FALSE;FALSE;TRUE
13/07/2021;TRUE;FALSE;FALSE;FALSE;TRUE
14/07/2021;TRUE;FALSE;FALSE;FALSE;TRUE
15/07/2021;TRUE;FALSE;FALSE;FALSE;TRUE
16/07/2021;TRUE;FALSE;FALSE;FALSE;TRUE
17/07/2021;TRUE;FALSE;FALSE;FALSE;TRUE
18/07/2021;TRUE;FALSE;FALSE;FALSE;TRUE
19/07/2021;TRUE;FALSE;FALSE;FALSE;TRUE
20/07/2021;TRUE;FALSE;FALSE;FALSE;TRUE
21/07/2021;TRUE;FALSE;FALSE;FALSE;TRUE
22/07/2021;TRUE;FALSE;FALSE;FALSE;TRUE
23/07/2021;TRUE;FALSE;FALSE;FALSE;TRUE
24/07/2021;TRUE;FALSE;FALSE;FALSE;TRUE
25/07/2021;TRUE;FALSE;FALSE;FALSE;TRUE
26/07/2021;TRUE;FALSE;FALSE;FALSE;TRUE
27/07/2021;TRUE;FALSE;FALSE;FALSE;TRUE
28/07/2021;TRUE;FALSE;FALSE;FALSE;TRUE
29/07/2021;TRUE;FALSE;FALSE;FALSE;TRUE
30/07/2021;TRUE;FALSE;FALSE;FALSE;TRUE
31/07/2021;TRUE;FALSE;FALSE;FALSE;TRUE
01/08/2021;TRUE;FALSE;FALSE;FALSE;TRUE
02/08/2021;TRUE;FALSE;FALSE;FALSE;TRUE
03/08/2021;TRUE;FALSE;FALSE;FALSE;TRUE
04/08/2021;TRUE;FALSE;FALSE;FALSE;TRUE
05/08/2021;TRUE;FALSE;FALSE;FALSE;TRUE
06/08/2021;TRUE;FALSE;FALSE;FALSE;TRUE
07/08/2021;TRUE;FALSE;FALSE;FALSE;TRUE
08/08/2021;TRUE;FALSE;FALSE;FALSE;TRUE
09/08/2021;TRUE;FALSE;FALSE;FALSE;TRUE
10/08/2021;TRUE;FALSE;FALSE;FALSE;TRUE
11/08/2021;TRUE;FALSE;FALSE;FALSE;TRUE
12/08/2021;TRUE;FALSE;FALSE;FALSE;TRUE
13/08/2021;TRUE;FALSE;FALSE;FALSE;TRUE
14/08/2021;TRUE;FALSE;FALSE;FALSE;TRUE
15/08/2021;TRUE;FALSE;FALSE;FALSE;TRUE
16/08/2021;TRUE;FALSE;FALSE;FALSE;TRUE
17/08/2021;TRUE;FALSE;FALSE;FALSE;TRUE
18/08/2021;TRUE;FALSE;FALSE;FALSE;TRUE
19/08/2021;TRUE;FALSE;FALSE;FALSE;TRUE
20/08/2021;TRUE;FALSE;FALSE;FALSE;TRUE
21/08/2021;TRUE;FALSE;FALSE;FALSE;TRUE
22/08/2021;TRUE;FALSE;FALSE;FALSE;TRUE
23/08/2021;TRUE;FALSE;FALSE;FALSE;TRUE
24/08/2021;TRUE;FALSE;FALSE;FALSE;TRUE
25/08/2021;TRUE;FALSE;FALSE;FALSE;TRUE
26/08/2021;TRUE;FALSE;FALSE;FALSE;TRUE
27/08/2021;TRUE;FALSE;FALSE;FALSE;TRUE
28/08/2021;TRUE;FALSE;FALSE;FALSE;TRUE
29/08/2021;TRUE;FALSE;FALSE;FALSE;TRUE
30/08/2021;TRUE;FALSE;FALSE;FALSE;TRUE
31/08/2021;TRUE;FALSE;FALSE;FALSE;TRUE
01/09/2021;TRUE;FALSE;FALSE;FALSE;TRUE
02/09/2021;TRUE;FALSE;FALSE;FALSE;TRUE
03/09/2021;TRUE;FALSE;FALSE;FALSE;TRUE
04/09/2021;TRUE;FALSE;FALSE;FALSE;TRUE
05/09/2021;TRUE;FALSE;FALSE;FALSE;TRUE
06/09/2021;TRUE;FALSE;FALSE;FALSE;TRUE
07/09/2021;TRUE;FALSE;FALSE;FALSE;TRUE
08/09/2021;TRUE;FALSE;FALSE;FALSE;TRUE
09/09/2021;TRUE;FALSE;FALSE;FALSE;TRUE
10/09/2021;TRUE;FALSE;FALSE;FALSE;TRUE
11/09/2021;TRUE;FALSE;FALSE;FALSE;TRUE
12/09/2021;TRUE;FALSE;FALSE;FALSE;TRUE
13/09/2021;TRUE;FALSE;FALSE;FALSE;TRUE
14/09/2021;TRUE;FALSE;FALSE;FALSE;TRUE
15/09/2021;TRUE;FALSE;FALSE;FALSE;TRUE
16/09/2021;TRUE;FALSE;FALSE;FALSE;TRUE
17/09/2021;TRUE;FALSE;FALSE;FALSE;TRUE
18/09/2021;TRUE;FALSE;FALSE;FALSE;TRUE
19/09/2021;TRUE;FALSE;FALSE;FALSE;TRUE
20/09/2021;TRUE;FALSE;FALSE;FALSE;TRUE
21/09/2021;TRUE;FALSE;FALSE;FALSE;TRUE
22/09/2021;TRUE;FALSE;FALSE;FALSE;TRUE
23/09/2021;TRUE;FALSE;FALSE;FALSE;TRUE
24/09/2021;TRUE;FALSE;FALSE;FALSE;TRUE
25/09/2021;TRUE;FALSE;FALSE;FALSE;TRUE
26/09/2021;TRUE;FALSE;FALSE;FALSE;TRUE
27/09/2021;TRUE;FALSE;FALSE;FALSE;TRUE
28/09/2021;TRUE;FALSE;FALSE;FALSE;TRUE
29/09/2021;TRUE;FALSE;FALSE;FALSE;TRUE
30/09/2021;TRUE;FALSE;FALSE;FALSE;TRUE
01/10/2021;TRUE;FALSE;FALSE;FALSE;TRUE
02/10/2021;TRUE;FALSE;FALSE;FALSE;TRUE
03/10/2021;TRUE;FALSE;FALSE;FALSE;TRUE
04/10/2021;TRUE;FALSE;FALSE;FALSE;TRUE
05/10/2021;TRUE;FALSE;FALSE;FALSE;TRUE
06/10/2021;TRUE;FALSE;FALSE;FALSE;TRUE
07/10/2021;TRUE;FALSE;FALSE;FALSE;TRUE
08/10/2021;TRUE;FALSE;FALSE;FALSE;TRUE
09/10/2021;TRUE;FALSE;FALSE;FALSE;TRUE
10/10/2021;TRUE;FALSE;FALSE;FALSE;TRUE
11/10/2021;TRUE;FALSE;FALSE;FALSE;TRUE
12/10/2021;TRUE;FALSE;FALSE;FALSE;TRUE
13/10/2021;TRUE;FALSE;FALSE;FALSE;TRUE
14/10/2021;TRUE;FALSE;FALSE;FALSE;TRUE
15/10/2021;TRUE;FALSE;FALSE;FALSE;TRUE
16/10/2021;TRUE;FALSE;FALSE;FALSE;TRUE
17/10/2021;TRUE;FALSE;FALSE;FALSE;TRUE
18/10/2021;TRUE;FALSE;FALSE;FALSE;TRUE
19/10/2021;TRUE;FALSE;FALSE;FALSE;TRUE
20/10/2021;TRUE;FALSE;FALSE;FALSE;TRUE
21/10/2021;TRUE;FALSE;FALSE;FALSE;TRUE
22/10/2021;TRUE;FALSE;FALSE;FALSE;TRUE
23/10/2021;TRUE;FALSE;FALSE;FALSE;TRUE
24/10/2021;TRUE;FALSE;FALSE;FALSE;TRUE
25/10/2021;TRUE;FALSE;FALSE;FALSE;TRUE
26/10/2021;TRUE;FALSE;FALSE;FALSE;TRUE
27/10/2021;TRUE;FALSE;FALSE;FALSE;TRUE
28/10/2021;TRUE;FALSE;FALSE;FALSE;TRUE
29/10/2021;TRUE;FALSE;FALSE;FALSE;TRUE
30/10/2021;TRUE;FALSE;FALSE;FALSE;TRUE
31/10/2021;TRUE;FALSE;FALSE;FALSE;TRUE
01/11/2021;TRUE;FALSE;FALSE;FALSE;TRUE
02/11/2021;TRUE;FALSE;FALSE;FALSE;TRUE
03/11/2021;TRUE;FALSE;FALSE;FALSE;TRUE
04/11/2021;TRUE;FALSE;FALSE;FALSE;TRUE
05/11/2021;TRUE;FALSE;FALSE;FALSE;TRUE
06/11/2021;TRUE;FALSE;FALSE;FALSE;TRUE
07/11/2021;TRUE;FALSE;FALSE;FALSE;TRUE
08/11/2021;TRUE;FALSE;FALSE;FALSE;TRUE
09/11/2021;TRUE;FALSE;FALSE;FALSE;TRUE
10/11/2021;TRUE;FALSE;FALSE;FALSE;TRUE
11/11/2021;TRUE;FALSE;FALSE;FALSE;TRUE
12/11/2021;TRUE;FALSE;FALSE;FALSE;TRUE
13/11/2021;TRUE;FALSE;FALSE;FALSE;TRUE
14/11/2021;TRUE;FALSE;FALSE;FALSE;TRUE
15/11/2021;TRUE;FALSE;FALSE;FALSE;TRUE
16/11/2021;TRUE;FALSE;FALSE;FALSE;TRUE
17/11/2021;TRUE;FALSE;FALSE;FALSE;TRUE
18/11/2021;TRUE;FALSE;FALSE;FALSE;TRUE
19/11/2021;TRUE;FALSE;FALSE;FALSE;TRUE
20/11/2021;TRUE;FALSE;FALSE;FALSE;TRUE
21/11/2021;TRUE;FALSE;FALSE;FALSE;TRUE
22/11/2021;TRUE;FALSE;FALSE;FALSE;TRUE
23/11/2021;TRUE;FALSE;FALSE;FALSE;TRUE
24/11/2021;TRUE;FALSE;FALSE;FALSE;TRUE
25/11/2021;TRUE;FALSE;FALSE;FALSE;TRUE
26/11/2021;TRUE;FALSE;FALSE;FALSE;TRUE
27/11/2021;TRUE;FALSE;FALSE;FALSE;TRUE
28/11/2021;TRUE;FALSE;FALSE;FALSE;TRUE
29/11/2021;TRUE;FALSE;FALSE;FALSE;TRUE
30/11/2021;TRUE;FALSE;FALSE;FALSE;TRUE
01/12/2021;TRUE;FALSE;FALSE;FALSE;TRUE
02/12/2021;TRUE;FALSE;FALSE;FALSE;TRUE
03/12/2021;TRUE;FALSE;FALSE;FALSE;TRUE
04/12/2021;TRUE;FALSE;FALSE;FALSE;TRUE
05/12/2021;TRUE;FALSE;FALSE;FALSE;TRUE
06/12/2021;TRUE;FALSE;FALSE;FALSE;TRUE
07/12/2021;TRUE;FALSE;FALSE;FALSE;TRUE
08/12/2021;TRUE;FALSE;FALSE;FALSE;TRUE
09/12/2021;TRUE;FALSE;FALSE;FALSE;TRUE
10/12/2021;TRUE;FALSE;FALSE;FALSE;TRUE
11/12/2021;TRUE;FALSE;FALSE;FALSE;TRUE
12/12/2021;TRUE;FALSE;FALSE;FALSE;TRUE
13/12/2021;TRUE;FALSE;FALSE;FALSE;TRUE
14/12/2021;TRUE;FALSE;FALSE;FALSE;TRUE
15/12/2021;TRUE;FALSE;FALSE;FALSE;TRUE
16/12/2021;TRUE;FALSE;FALSE;FALSE;TRUE
17/12/2021;TRUE;FALSE;FALSE;FALSE;TRUE
18/12/2021;TRUE;FALSE;FALSE;FALSE;TRUE
19/12/2021;TRUE;FALSE;FALSE;FALSE;TRUE
20/12/2021;TRUE;FALSE;FALSE;FALSE;TRUE
21/12/2021;TRUE;FALSE;FALSE;FALSE;TRUE
22/12/2021;TRUE;FALSE;FALSE;FALSE;TRUE
23/12/2021;TRUE;TRUE;FALSE;FALSE;TRUE
24/12/2021;TRUE;TRUE;FALSE;FALSE;TRUE
25/12/2021;TRUE;TRUE;FALSE;FALSE;TRUE
26/12/2021;TRUE;TRUE;FALSE;FALSE;TRUE
27/12/2021;TRUE;TRUE;FALSE;FALSE;TRUE
28/12/2021;TRUE;TRUE;FALSE;FALSE;TRUE
29/12/2021;TRUE;TRUE;FALSE;FALSE;TRUE
30/12/2021;TRUE;TRUE;FALSE;FALSE;TRUE
31/12/2021;TRUE;TRUE;FALSE;FALSE;TRUE
01/01/2022;TRUE;TRUE;FALSE;FALSE;TRUE
02/01/2022;TRUE;TRUE;FALSE;FALSE;TRUE
03/01/2022;TRUE;TRUE;FALSE;FALSE;TRUE
04/01/2022;TRUE;TRUE;FALSE;FALSE;TRUE
05/01/2022;TRUE;TRUE;FALSE;FALSE;TRUE
06/01/2022;TRUE;TRUE;FALSE;FALSE;TRUE
07/01/2022;TRUE;TRUE;FALSE;FALSE;TRUE
08/01/2022;TRUE;TRUE;FALSE;FALSE;TRUE
09/01/2022;TRUE;TRUE;FALSE;FALSE;TRUE
10/01/2022;TRUE;TRUE;FALSE;FALSE;TRUE
11/01/2022;TRUE;TRUE;FALSE;FALSE;TRUE
12/01/2022;TRUE;TRUE;FALSE;FALSE;TRUE
13/01/2022;TRUE;TRUE;FALSE;FALSE;TRUE
14/01/2022;TRUE;TRUE;FALSE;FALSE;TRUE
15/01/2022;TRUE;TRUE;FALSE;FALSE;TRUE
16/01/2022;TRUE;TRUE;FALSE;FALSE;TRUE
17/01/2022;TRUE;TRUE;FALSE;FALSE;TRUE